distillery,whisky_name
Lagavulin,16
Ardbeg,10
Highland Park,12
Balvenie,12 Double Wood
Laphroaig,10
Laphroaig,10
Ardbeg,Uigeadail
Glendronach,12
Bowmore,12
Glenmorangie,10
Dalwhinnie,15
Dalwhinnie,15
Glenfarclas,15
Bunnahabhain,12
Ardmore,12 Port Wood Finish
Caol Ila,12
Talisker,10
Glenfarclas,Whisky.de Clubflasche 2021
Glendronach,21 Parliament
Oban,14
Glenfiddich,12
Aberfeldy,12
Glenfarclas,25
Talisker,Port Ruighe
Glendronach,18 Allardice
Glenfarclas,12
Laphroaig,Quarter Cask
Auchentoshan,Three Wood
Talisker,10
Glenfarclas,105
Bowmore,18
Edradour,10
Cragganmore,12
Bowmore,15 Darkest
Ardbeg,Corryvreckan
Maker's Mark,
Highland Park,18
Bowmore,15
Glenmorangie,12 Quinta Ruban
Cardhu,12
Cardhu,12
Bushmills,10
Aberlour,18
Glenfiddich,15 Solera Reserve
Edradour,12 Caledonia
Glenfiddich,18
Glenfarclas,21
Kilchoman,Triple Cask - Clubflasche 2022
Glenlivet,12
Glendronach,15 Revival
Clynelish,14
Hibiki,Harmony
Arran-Lochranza,10
Laphroaig,10 Sherry Oak
Cooley,Original
Springbank,10
Bowmore,12 Enigma
Tobermory,10
Glenkinchie,12
Tomatin,Legacy
Balvenie,14 Caribbean Cask
Glenmorangie,14 Quinta Ruban Port
Glendronach,15 Revival
Aberlour,10
Bruichladdich,10
Kilchoman,Sanaig
Aberlour,12
Glenfarclas,30
GlenAllachie,15
Glenlivet,15
Glenlivet,15
Tamnavulin,Red Wine Cask Edition
Ardbeg,An Oa
Johnnie Walker,15 Green Label
Dalmore,15
Edradour,10
Buffalo Trace,10
Deanston,12
Midleton,
Auchentoshan,12
Ardbeg,5 Wee Beastie
Ardmore,Traditional Cask
Glenfarclas,18
Woodford Reserve,Distiller's Select
Wild Turkey,101
GlenAllachie,12
Tomatin,14 Port Wood Finish
Balvenie,12 Single Barrel First Fill
Glen Garioch,12
Talisker,Storm
Johnnie Walker,12 Black Label
Glenrothes,11 - Clubflasche 2022
Glenmorangie,12 Lasanta
Dufftown,12
Tullibardine,228 Burgundy Finish
Jack Daniel's,Single Barrel
Glenmorangie,Signet
Macallan,12 Double Cask
